522.journal_issn,0969-b4900,0969-4900
190.jounral_abbreviation,Proceedings of the Royal Society of Medicine,NULL
186.jounral_abbreviation,Proceedings of the Royal Society of Medicine,NULL
916.journal_issn,152-186X,1521-186X
991.journal_title,A mJ Clin Nutr,Am J Clin Nutr
155.journal_issn,0035-9157 (Print) 0035-9157,00913960 (ISSN)
99.journal_title,Proc R Soc Med,Am J Physiol Endocrinol Metab
510.journal_issn,030-11623,0301-1623
714.jounral_abbreviation,NUvLL,NULL
189.jounral_abbreviation,Proceedings of the Royal Society of Medicine,NULL
798.journal_title,J Han Surg Am,J Hand Surg Am
193.jounral_abbreviation,Proceedings of the Royal Society of Medicine,NULL
370.jounral_abbreviation,pNULL,NULL
232.journal_title,The Journal of hospitale infection,The Journal of hospital infection
715.jounral_abbreviation,UNLL,NULL
162.journal_issn,0035-9157 (Print) 0035-9157,2249-782X
465.journal_issn,117a8-7090,1178-7090
100.journal_title,Proc R Soc Med,Journal of the American Dietetic Association
670.jounral_abbreviation,NULL***,NULL
575.journal_issn,1423-03s80,1423-0380
160.journal_issn,0035-9157 (Print) 0035-9157,1790-8019
196.jounral_abbreviation,Proceedings of the Royal Society of Medicine,NULL
808.journal_title,Cardiology in the eyoung,Cardiology in the young
287.journal_title,Jurnal of medical imaging and radiation oncology,Journal of medical imaging and radiation oncology
378.journal_issn,1932-6s203,1932-6203
251.journal_title,Journl of Clinical Gastroenterology,Journal of Clinical Gastroenterology
628.journal_title,Jounal of dental research,Journal of dental research
936.jounral_abbreviation,RSM Open,JRSM Open
635.journal_title,NULhL,NULL
157.journal_issn,0035-9157 (Print) 0035-9157,NULL
925.journal_issn,1365-p2346,1365-2346
776.journal_issn,0003-9926(Print) 0003-9926,0003-9926 (Print) 0003-9926
773.journal_issn,1460-215,1460-2105
596.journal_title,J Orthopo Sci,J Orthop Sci
101.journal_title,Proc R Soc Med,NULL
703.journal_issn,146r9-493X,1469-493X
926.journal_title,Functional Neuroloyg,Functional Neurology
194.jounral_abbreviation,Proceedings of the Royal Society of Medicine,J. Natl. Cancer Inst.
97.journal_issn,ULL,NULL
29.journal_issn,1932-623,1932-6203
112.journal_issn,2g044-6055,2044-6055
127.journal_issn,NULL***,NULL
329.jounral_abbreviation,Expertj Opin Emerg Drugs,Expert Opin Emerg Drugs
446.journal_title,Journal of clinical hypertenion (Greenwich, Conn.),Journal of clinical hypertension (Greenwich, Conn.)
197.jounral_abbreviation,Proceedings of the Royal Society of Medicine,Eur Arch Otorhinolaryngol
188.jounral_abbreviation,Proceedings of the Royal Society of Medicine,NULL
910.journal_title,Cancre,Cancer
754.journal_title,Biomedizcal reports,Biomedical reports
712.jounral_abbreviation,aNULL,NULL
382.jounral_abbreviation,Bpull. Math. Biol.,Bull. Math. Biol.
199.jounral_abbreviation,Proceedings of the Royal Society of Medicine,Ann Surg
192.jounral_abbreviation,Proceedings of the Royal Society of Medicine,Pediatr Ann
252.journal_issn,1094-2089,1049-2089
867.journal_title,Cochrane Database Syst. Rkev.,Cochrane Database Syst. Rev.
126.jounral_abbreviation,zNeurologia,Neurologia
142.journal_issn,oNULL,NULL
102.journal_title,Proc R Soc Med,Cognitive Processing
31.journal_title,The orean journal of gastroenterology = Taehan Sohwagi Hakhoe chi,The Korean journal of gastroenterology = Taehan Sohwagi Hakhoe chi
543.journal_issn,1062-84r01,1062-8401
969.journal_title,Acta paediatrica Scandinavica. Spplement,Acta paediatrica Scandinavica. Supplement
669.journal_issn,1577-1626,1757-1626
980.journal_issn,1945-7107,1945-7170
468.journal_issn,1356-5700,1356-7500
52.journal_title,Annals of the Royal Cllege of Surgeons of England,Annals of the Royal College of Surgeons of England
117.journal_issn,00218987,0021-8987
892.journal_title, JHand Surg Am,J Hand Surg Am
163.journal_issn,0035-9157 (Print) 0035-9157,NULL
858.journal_title,Circulaxtion,Circulation
702.jounral_abbreviation,Respiroloogy,Respirology
583.jounral_abbreviation,ULL,NULL
49.journal_title,TheJournal of clinical psychiatry,The Journal of clinical psychiatry
477.journal_issn,15327-361,1532-7361
104.jounral_abbreviation,Fertil. Streil.,Fertil. Steril.
677.journal_issn,NULL***,NULL
103.journal_title,Proc R Soc Med,NULL
113.journal_issn,ULL,NULL
68.journal_title,IDS Reviews,AIDS Reviews
705.journal_issn,2314-6s141,2314-6141
579.journal_issn,1976-2347,1976-2437
764.journal_issn,UNLL,NULL
831.journal_issn,NULL***,NULL
25.journal_title,Scandinavian oJurnal of Gastroenterology,Scandinavian Journal of Gastroenterology
285.jounral_abbreviation,NUL,NULL
542.jounral_abbreviation,NULpL,NULL
801.journal_title,Jornal of the National Cancer Institute,Journal of the National Cancer Institute
185.jounral_abbreviation,Proceedings of the Royal Society of Medicine,NULL
587.journal_title,Europeanz Journal Of Anaesthesiology,European Journal Of Anaesthesiology
213.journal_issn,0041-5782 (Pprint) 0041-5782,0041-5782 (Print) 0041-5782
243.journal_issn,044-6055,2044-6055
161.journal_issn,0035-9157 (Print) 0035-9157,NULL
8.journal_issn,NUzLL,NULL
993.journal_title,Tumour biology : the journal of the International Society for Oncoevelopmental Biology and Medicine,Tumour biology : the journal of the International Society for Oncodevelopmental Biology and Medicine
398.journal_issn,126-7598,1526-7598
156.journal_issn,0035-9157 (Print) 0035-9157,1424-7860
652.journal_issn,15273-350,1527-3350
785.journal_issn,15d92-7830,1592-7830
104.journal_title,Proc R Soc Med,Fertility and sterility
184.jounral_abbreviation,Proceedings of the Royal Society of Medicine,NULL
662.journal_issn,NULkL,NULL
195.jounral_abbreviation,Proceedings of the Royal Society of Medicine,NULL
767.journal_issn,NrULL,NULL
186.journal_issn,UNLL,NULL
522.jounral_abbreviation,NUL,NULL
676.jounral_abbreviation,xNULL,NULL
187.journal_issn,hNULL,NULL
770.journal_title,PLo SOne,PLoS One
434.jounral_abbreviation,NULnL,NULL
889.journal_issn,132-6203,1932-6203
807.journal_issn,521-3773,1521-3773
275.journal_issn,-896,-8906
546.journal_issn,1462-0234,1462-0324
82.jounral_abbreviation,Stat Methsods Med Res,Stat Methods Med Res
79.journal_issn,UNLL,NULL
292.jounral_abbreviation,Nutrints,Nutrients
907.journal_title,ProQuset LLC,ProQuest LLC
336.journal_issn,1047-9511***,1047-9511
159.journal_issn,0035-9157 (Print) 0035-9157,15-Jan
158.journal_title,Proc R Soc Med,CNS spectrums
932.journal_issn,5127-7755,1527-7755
105.journal_title,Proc R Soc Med,Cancer chemotherapy and pharmacology
669.jounral_abbreviation,Cases jornal,Cases journal
645.jounral_abbreviation,Acta iDerm. Venereol.,Acta Derm. Venereol.
187.jounral_abbreviation,Proceedings of the Royal Society of Medicine,NULL
191.jounral_abbreviation,Proceedings of the Royal Society of Medicine,NULL
198.jounral_abbreviation,Proceedings of the Royal Society of Medicine,NULL
984.journal_title,Am J ClinN utr,Am J Clin Nutr
575.journal_title,Tumour biology : the journal of the International Society cfor Oncodevelopmental Biology and Medicine,Tumour biology : the journal of the International Society for Oncodevelopmental Biology and Medicine
867.jounral_abbreviation,NUL,NULL
